filename,width,height,class,bboxes,total_bolts,fold
/media/scratch/astamoulakatos/NMIS/images/2021-10-29_5_bolts_0002.jpg,4032,3024,Bolt,"[[1494, 434, 1694, 633], [396, 1137, 591, 1332], [1504, 2550, 1704, 2744], [2587, 2545, 2782, 2739], [3650, 1826, 3854, 2026]]",5,0
/media/scratch/astamoulakatos/NMIS/images/2021-10-29_2_bolts_0001.jpg,4032,3024,Bolt,"[[406, 374, 611, 568], [1499, 384, 1694, 578]]",2,0
/media/scratch/astamoulakatos/NMIS/images/2021-11-19_7_bolts_0018.jpg,4032,3024,Bolt,"[[726, 859, 925, 1054], [1699, 2301, 1893, 2496], [3331, 1558, 3530, 1752], [3001, 1987, 3196, 2181], [1055, 455, 1255, 654], [1404, 21, 1604, 215], [2692, 1059, 2891, 1258]]",7,0
/media/scratch/astamoulakatos/NMIS/images/2021-11-19_5_bolts_0007.jpg,4032,3024,Bolt,"[[217, 2465, 416, 2665], [227, 265, 431, 459], [3615, 295, 3810, 489], [3600, 998, 3805, 1198], [2492, 2445, 2692, 2645]]",5,0
/media/scratch/astamoulakatos/NMIS/images/2021-10-29_1_bolts_0015.jpg,4032,3024,Bolt,"[[1414, 429, 1614, 623]]",1,0
/media/scratch/astamoulakatos/NMIS/images/2021-11-19_2_bolts_0017.jpg,4032,3024,Bolt,"[[2507, 2480, 2712, 2675], [267, 344, 471, 549]]",2,0
/media/scratch/astamoulakatos/NMIS/images/2021-11-19_10_bolts_0010.jpg,4032,3024,Bolt,"[[3605, 883, 3800, 1077], [1699, 364, 1893, 559], [396, 1372, 586, 1567], [571, 738, 766, 933], [3440, 1512, 3640, 1706], [2173, 2480, 2362, 2674], [711, 109, 910, 314], [2657, 618, 2856, 813], [227, 1996, 421, 2195], [1205, 2235, 1404, 2440]]",10,0
/media/scratch/astamoulakatos/NMIS/images/2021-11-19_6_bolts_0002.jpg,4032,3024,Bolt,"[[3600, 998, 3800, 1193], [252, 220, 451, 419], [272, 958, 466, 1158], [257, 2410, 451, 2610], [2502, 2405, 2702, 2605], [3600, 275, 3795, 469]]",6,0
/media/scratch/astamoulakatos/NMIS/images/2021-10-29_1_bolts_0037.jpg,4032,3024,Bolt,"[[3530, 2420, 3730, 2619]]",1,0
/media/scratch/astamoulakatos/NMIS/images/2021-10-29_1_bolts_0021.jpg,4032,3024,Bolt,"[[3520, 379, 3720, 573]]",1,0
/media/scratch/astamoulakatos/NMIS/images/2021-10-29_9_bolts_0002.jpg,4032,3024,Bolt,"[[326, 254, 526, 459], [2522, 269, 2722, 469], [3590, 284, 3785, 484], [3585, 988, 3780, 1187], [3585, 1666, 3785, 1866], [2522, 2370, 2722, 2570], [1424, 2380, 1629, 2580], [321, 2380, 516, 2580], [336, 973, 531, 1172]]",9,0
/media/scratch/astamoulakatos/NMIS/images/2021-10-29_1_bolts_0044.jpg,4032,3024,Bolt,"[[3420, 2370, 3625, 2570]]",1,0
/media/scratch/astamoulakatos/NMIS/images/2021-11-19_5_bolts_0008.jpg,1512,2016,Bolt,"[[907, 1803, 1003, 1899], [185, 103, 285, 206], [1280, 116, 1383, 219], [195, 1251, 298, 1357], [1270, 1806, 1366, 1903]]",5,0
/media/scratch/astamoulakatos/NMIS/images/2021-11-19_2_bolts_0019.jpg,1512,2016,Bolt,"[[568, 130, 664, 223], [1276, 1224, 1373, 1324]]",2,0
/media/scratch/astamoulakatos/NMIS/images/2021-10-29_1_bolts_0026.jpg,4032,3024,Bolt,"[[3530, 329, 3725, 524]]",1,0
/media/scratch/astamoulakatos/NMIS/images/2021-11-19_10_bolts_0002.jpg,4032,3024,Bolt,"[[232, 1766, 431, 1961], [2477, 349, 2682, 549], [3560, 359, 3760, 568], [3550, 1053, 3750, 1247], [3560, 1746, 3760, 1941], [3570, 2460, 3770, 2659], [2492, 2475, 2692, 2674], [1369, 2495, 1564, 2689], [207, 2490, 406, 2684], [247, 1038, 451, 1242]]",10,0
/media/scratch/astamoulakatos/NMIS/images/2021-10-29_1_bolts_0023.jpg,4032,3024,Bolt,"[[3450, 409, 3645, 603]]",1,0
/media/scratch/astamoulakatos/NMIS/images/2021-11-19_2_bolts_0018.jpg,1512,2016,Bolt,"[[175, 1267, 275, 1370], [1233, 126, 1333, 226]]",2,0
/media/scratch/astamoulakatos/NMIS/images/2021-10-29_1_bolts_0003.jpg,4032,3024,Bolt,"[[466, 469, 671, 663]]",1,0
/media/scratch/astamoulakatos/NMIS/images/2021-11-19_5_bolts_0010.jpg,4032,3024,Bolt,"[[2747, 2027, 2946, 2221], [2008, 405, 2203, 599], [526, 1722, 726, 1922], [2812, 31, 3011, 230], [3071, 579, 3266, 774]]",5,1
/media/scratch/astamoulakatos/NMIS/images/2021-10-29_9_bolts_0009.jpg,4032,3024,Bolt,"[[297, 234, 496, 434], [2562, 259, 2762, 464], [3685, 284, 3879, 479], [3670, 988, 3874, 1187], [3655, 1721, 3859, 1916], [2562, 2420, 2757, 2614], [1434, 2435, 1629, 2629], [272, 2445, 471, 2639], [287, 943, 486, 1147]]",9,0
/media/scratch/astamoulakatos/NMIS/images/2021-11-19_4_bolts_0001.jpg,4032,3024,Bolt,"[[1374, 2475, 1579, 2665], [2492, 315, 2692, 509], [3585, 1747, 3785, 1946], [242, 1732, 446, 1926]]",4,0
/media/scratch/astamoulakatos/NMIS/images/2021-10-29_1_bolts_0040.jpg,4032,3024,Bolt,"[[3535, 2440, 3740, 2639]]",1,0
/media/scratch/astamoulakatos/NMIS/images/2021-11-19_9_bolts_0010.jpg,4032,3024,Bolt,"[[287, 1078, 486, 1278], [2477, 390, 2682, 584], [3540, 1088, 3745, 1283], [3545, 1777, 3745, 1972], [3565, 2476, 3760, 2675], [2467, 2491, 2662, 2690], [1374, 2491, 1579, 2690], [257, 2506, 456, 2705], [277, 1782, 471, 1987]]",9,0
/media/scratch/astamoulakatos/NMIS/images/2021-11-19_9_bolts_0013.jpeg,1512,2016,Bolt,"[[1226, 1244, 1329, 1347], [172, 139, 272, 232], [521, 143, 614, 236], [880, 143, 984, 242], [175, 691, 268, 788], [870, 1776, 967, 1869], [178, 1240, 272, 1337], [524, 1776, 624, 1879], [185, 1779, 285, 1872]]",9,1
/media/scratch/astamoulakatos/NMIS/images/2021-10-29_1_bolts_0038.jpg,4032,3024,Bolt,"[[3530, 2445, 3730, 2644]]",1,0
/media/scratch/astamoulakatos/NMIS/images/2021-11-19_4_bolts_0005.jpg,4032,3024,Bolt,"[[3066, 550, 3261, 744], [656, 1792, 855, 1992], [2802, 1982, 3001, 2181], [2028, 445, 2228, 644]]",4,1
/media/scratch/astamoulakatos/NMIS/images/2021-10-29_7_bolts_0003.jpg,4032,3024,Bolt,"[[1479, 354, 1684, 559], [3585, 404, 3780, 603], [376, 1028, 576, 1227], [3545, 1741, 3745, 1936], [351, 2425, 551, 2624], [1454, 2420, 1654, 2624], [2512, 2420, 2707, 2619]]",7,0
/media/scratch/astamoulakatos/NMIS/images/2021-10-29_1_bolts_0030.jpg,4032,3024,Bolt,"[[346, 2465, 546, 2659]]",1,0
/media/scratch/astamoulakatos/NMIS/images/2021-10-29_1_bolts_0019.jpg,4032,3024,Bolt,"[[3545, 419, 3745, 613]]",1,0
/media/scratch/astamoulakatos/NMIS/images/2021-10-29_1_bolts_0051.jpg,4032,3024,Bolt,"[[3515, 1003, 3710, 1202]]",1,0
/media/scratch/astamoulakatos/NMIS/images/2021-11-19_7_bolts_0019.jpg,4032,3024,Bolt,"[[2048, 2501, 2243, 2695], [3390, 1637, 3585, 1837], [396, 1263, 596, 1458], [2652, 704, 2856, 899], [601, 664, 801, 864], [3605, 1019, 3800, 1218], [761, 41, 960, 240]]",7,0
/media/scratch/astamoulakatos/NMIS/images/2021-11-19_1_bolts_0057.jpg,1512,2016,Bolt,"[[568, 149, 667, 253]]",1,1
/media/scratch/astamoulakatos/NMIS/images/2021-10-29_1_bolts_0006.jpg,4032,3024,Bolt,"[[356, 389, 561, 588]]",1,1
/media/scratch/astamoulakatos/NMIS/images/2021-10-29_2_bolts_0008.jpg,4032,3024,Bolt,"[[312, 2435, 511, 2629], [3490, 354, 3690, 554]]",2,1
/media/scratch/astamoulakatos/NMIS/images/2021-11-19_4_bolts_0004.jpg,1512,2016,Bolt,"[[554, 123, 648, 216], [175, 692, 278, 795], [1253, 1247, 1359, 1350], [534, 1796, 634, 1899]]",4,2
/media/scratch/astamoulakatos/NMIS/images/2021-10-29_1_bolts_0004.jpg,4032,3024,Bolt,"[[471, 499, 671, 693]]",1,1
/media/scratch/astamoulakatos/NMIS/images/2021-10-29_1_bolts_0018.jpg,4032,3024,Bolt,"[[3565, 444, 3760, 638]]",1,1
/media/scratch/astamoulakatos/NMIS/images/2021-10-29_1_bolts_0009.jpg,4032,3024,Bolt,"[[336, 324, 536, 524]]",1,1
/media/scratch/astamoulakatos/NMIS/images/2021-11-19_7_bolts_0016.jpg,4032,3024,Bolt,"[[1883, 530, 2078, 729], [2777, 1862, 2971, 2057], [1075, 2356, 1275, 2551], [466, 1458, 666, 1657], [2572, 65, 2772, 265], [2866, 505, 3066, 704], [776, 1907, 970, 2101]]",7,1
/media/scratch/astamoulakatos/NMIS/images/2021-11-19_6_bolts_0006.jpg,4032,3024,Bolt,"[[496, 824, 691, 1019], [2193, 2585, 2387, 2780], [631, 185, 830, 385], [2632, 664, 2832, 859], [3610, 899, 3805, 1093], [3450, 1548, 3650, 1742]]",6,0
/media/scratch/astamoulakatos/NMIS/images/2021-11-19_6_bolts_0001.jpg,4032,3024,Bolt,"[[3480, 1033, 3680, 1228], [207, 998, 406, 1198], [197, 1712, 391, 1906], [1310, 2420, 1504, 2620], [2412, 319, 2612, 514], [3470, 1717, 3665, 1911]]",6,1
/media/scratch/astamoulakatos/NMIS/images/2021-11-19_9_bolts_0014.jpg,4032,3024,Bolt,"[[3625, 954, 3825, 1153], [1205, 2251, 1404, 2451], [1724, 405, 1923, 604], [2687, 679, 2881, 874], [566, 759, 771, 959], [396, 1388, 591, 1582], [711, 105, 910, 305], [2158, 2501, 2352, 2700], [3435, 1558, 3640, 1747]]",9,1
/media/scratch/astamoulakatos/NMIS/images/2021-10-29_1_bolts_0047.jpg,4032,3024,Bolt,"[[3560, 1038, 3760, 1242]]",1,1
/media/scratch/astamoulakatos/NMIS/images/2021-11-19_11_bolts_0016.jpg,4032,3024,Bolt,"[[1534, 2820, 1734, 3020], [1908, 545, 2103, 744], [3530, 1313, 3730, 1513], [1215, 2396, 1414, 2595], [2886, 460, 3081, 659], [2522, 26, 2722, 220], [895, 1972, 1095, 2171], [571, 1558, 766, 1762], [1230, 1039, 1429, 1238], [2891, 1822, 3091, 2022], [2208, 2331, 2402, 2531]]",11,0
/media/scratch/astamoulakatos/NMIS/images/2021-11-19_2_bolts_0016.jpg,4032,3024,Bolt,"[[2452, 280, 2652, 479], [252, 1707, 451, 1906]]",2,1
/media/scratch/astamoulakatos/NMIS/images/2021-10-29_3_bolts_0004.jpg,4032,3024,Bolt,"[[401, 1077, 606, 1272], [3540, 459, 3740, 653], [3530, 1776, 3725, 1976]]",3,0
/media/scratch/astamoulakatos/NMIS/images/2021-10-29_3_bolts_0008.jpg,4032,3024,Bolt,"[[386, 1068, 591, 1277], [1429, 2445, 1634, 2639], [3530, 1771, 3725, 1971]]",3,0
/media/scratch/astamoulakatos/NMIS/images/2021-11-19_11_bolts_0008.jpg,4032,3024,Bolt,"[[1454, 359, 1654, 564], [3525, 389, 3720, 584], [3520, 1053, 3715, 1253], [3520, 1707, 3720, 1906], [3525, 2370, 3720, 2565], [2492, 2385, 2687, 2585], [1459, 2400, 1654, 2600], [396, 2410, 596, 2605], [391, 1717, 586, 1916], [406, 1038, 606, 1238], [2497, 374, 2697, 569]]",11,0
/media/scratch/astamoulakatos/NMIS/images/2021-10-29_9_bolts_0001.jpg,4032,3024,Bolt,"[[307, 239, 511, 434], [2532, 289, 2727, 484], [3585, 294, 3785, 494], [3575, 1003, 3770, 1202], [316, 963, 516, 1157], [277, 2410, 471, 2609], [1414, 2400, 1614, 2594], [2527, 2405, 2722, 2599], [3565, 1681, 3760, 1881]]",9,1
/media/scratch/astamoulakatos/NMIS/images/2021-11-19_7_bolts_0011.jpg,4032,3024,Bolt,"[[237, 1717, 436, 1917], [2487, 280, 2682, 475], [3575, 1009, 3770, 1203], [3585, 1717, 3780, 1912], [2502, 2441, 2697, 2640], [1374, 2451, 1574, 2645], [242, 974, 446, 1173]]",7,1
/media/scratch/astamoulakatos/NMIS/images/2021-10-29_1_bolts_0033.jpg,4032,3024,Bolt,"[[431, 2375, 626, 2570]]",1,1
/media/scratch/astamoulakatos/NMIS/images/2021-11-19_8_bolts_0001.jpg,4032,3024,Bolt,"[[2477, 2476, 2677, 2680], [1320, 2476, 1514, 2675], [2482, 275, 2682, 480], [3610, 1014, 3810, 1208], [3620, 1747, 3815, 1942], [182, 984, 376, 1183], [177, 1707, 376, 1907], [167, 2501, 361, 2695]]",8,0
/media/scratch/astamoulakatos/NMIS/images/2021-10-29_7_bolts_0009.jpg,4032,3024,Bolt,"[[312, 294, 506, 499], [2492, 294, 2692, 494], [3545, 1711, 3745, 1906], [312, 978, 506, 1172], [297, 2405, 491, 2599], [1399, 2400, 1594, 2599], [2462, 2380, 2662, 2575]]",7,1
/media/scratch/astamoulakatos/NMIS/images/2021-10-29_5_bolts_0003.jpg,4032,3024,Bolt,"[[1429, 419, 1629, 613], [331, 1092, 536, 1297], [1404, 2495, 1604, 2689], [2517, 2510, 2712, 2704], [3535, 1816, 3735, 2011]]",5,1
/media/scratch/astamoulakatos/NMIS/images/2021-10-29_7_bolts_0007.jpg,4032,3024,Bolt,"[[416, 334, 616, 529], [2572, 364, 2772, 564], [416, 1038, 616, 1232], [3620, 1721, 3820, 1921], [406, 2425, 606, 2624], [1494, 2400, 1694, 2599], [2567, 2380, 2772, 2580]]",7,1
/media/scratch/astamoulakatos/NMIS/images/2021-11-19_1_bolts_0055.jpg,4032,3024,Bolt,"[[292, 1702, 486, 1901]]",1,1
/media/scratch/astamoulakatos/NMIS/images/2021-10-29_1_bolts_0032.jpg,4032,3024,Bolt,"[[436, 2370, 641, 2570]]",1,1
/media/scratch/astamoulakatos/NMIS/images/2021-10-29_9_bolts_0005.jpg,4032,3024,Bolt,"[[351, 264, 551, 459], [2527, 284, 2727, 484], [3600, 294, 3800, 494], [3600, 988, 3795, 1187], [3570, 1666, 3770, 1866], [2537, 2370, 2732, 2570], [1429, 2385, 1629, 2584], [316, 2385, 516, 2584], [331, 948, 531, 1147]]",9,1
/media/scratch/astamoulakatos/NMIS/images/2021-10-29_1_bolts_0024.jpg,4032,3024,Bolt,"[[3610, 349, 3805, 549]]",1,1
/media/scratch/astamoulakatos/NMIS/images/2021-10-29_11_bolts_0003.jpg,4032,3024,Bolt,"[[366, 324, 561, 524], [361, 1013, 561, 1212], [361, 1726, 556, 1921], [361, 2405, 556, 2604], [1449, 2405, 1644, 2599], [2532, 2400, 2732, 2599], [3625, 2380, 3825, 2580], [3600, 1691, 3800, 1886], [3590, 998, 3790, 1202], [3585, 294, 3785, 489], [2517, 314, 2722, 509]]",11,0
/media/scratch/astamoulakatos/NMIS/images/2021-11-19_9_bolts_0011.jpg,4032,3024,Bolt,"[[3520, 1004, 3715, 1203], [242, 285, 446, 480], [257, 999, 456, 1193], [252, 1712, 451, 1912], [247, 2431, 446, 2630], [1369, 2421, 1569, 2620], [2452, 2406, 2657, 2605], [3530, 2391, 3725, 2595], [3545, 320, 3745, 515]]",9,2
/media/scratch/astamoulakatos/NMIS/images/2021-11-19_3_bolts_0009.jpg,4032,3024,Bolt,"[[3600, 1682, 3800, 1881], [297, 1677, 491, 1876], [2507, 250, 2707, 449]]",3,0
/media/scratch/astamoulakatos/NMIS/images/2021-10-29_1_bolts_0020.jpg,4032,3024,Bolt,"[[3545, 404, 3740, 603]]",1,1
/media/scratch/astamoulakatos/NMIS/images/2021-10-29_11_bolts_0004.jpg,4032,3024,Bolt,"[[366, 324, 566, 519], [366, 1023, 566, 1222], [366, 1711, 566, 1906], [366, 2410, 566, 2604], [1444, 2405, 1644, 2599], [2532, 2385, 2727, 2580], [2507, 314, 2707, 509], [3590, 304, 3790, 504], [3590, 1003, 3795, 1197], [3590, 1681, 3785, 1881], [3620, 2395, 3815, 2594]]",11,1
/media/scratch/astamoulakatos/NMIS/images/2021-10-29_1_bolts_0025.jpg,4032,3024,Bolt,"[[3605, 354, 3800, 549]]",1,1
/media/scratch/astamoulakatos/NMIS/images/2021-11-19_2_bolts_0020.jpg,4032,3024,Bolt,"[[2851, 1947, 3051, 2141], [751, 1847, 950, 2042]]",2,1
/media/scratch/astamoulakatos/NMIS/images/2021-10-29_11_bolts_0007.jpg,4032,3024,Bolt,"[[1444, 389, 1644, 588], [2472, 389, 2667, 593], [3505, 399, 3700, 598], [3500, 1063, 3705, 1262], [3505, 1731, 3710, 1926], [3520, 2400, 3720, 2594], [2477, 2405, 2682, 2599], [1419, 2410, 1619, 2609], [371, 2430, 576, 2624], [366, 1756, 561, 1956], [391, 1077, 591, 1282]]",11,1
/media/scratch/astamoulakatos/NMIS/images/2021-10-29_1_bolts_0039.jpg,4032,3024,Bolt,"[[3530, 2440, 3730, 2644]]",1,2
/media/scratch/astamoulakatos/NMIS/images/2021-11-19_1_bolts_0060.jpg,4032,3024,Bolt,"[[287, 1438, 481, 1637]]",1,2
/media/scratch/astamoulakatos/NMIS/images/2021-11-19_3_bolts_0010.jpg,4032,3024,Bolt,"[[3470, 339, 3670, 534], [297, 300, 491, 494], [2447, 2350, 2642, 2545]]",3,1
/media/scratch/astamoulakatos/NMIS/images/2021-10-29_1_bolts_0012.jpg,4032,3024,Bolt,"[[1454, 414, 1654, 613]]",1,2
/media/scratch/astamoulakatos/NMIS/images/2021-11-19_10_bolts_0007.jpg,4032,3024,Bolt,"[[671, 1801, 865, 2001], [1195, 2799, 1389, 2994], [1963, 469, 2163, 663], [2986, 568, 3186, 763], [1175, 883, 1374, 1082], [2722, 79, 2921, 279], [1973, 2380, 2173, 2580], [406, 1307, 606, 1507], [2747, 1966, 2946, 2160], [930, 2290, 1125, 2490]]",10,1
/media/scratch/astamoulakatos/NMIS/images/2021-11-19_7_bolts_0012.jpg,4032,3024,Bolt,"[[247, 999, 446, 1198], [3570, 345, 3770, 545], [3555, 1039, 3755, 1243], [3570, 2441, 3770, 2640], [2457, 2436, 2657, 2635], [222, 2441, 416, 2640], [237, 285, 441, 490]]",7,2
/media/scratch/astamoulakatos/NMIS/images/2021-11-19_11_bolts_0018.jpg,4032,3024,Bolt,"[[351, 1273, 551, 1468], [2727, 1942, 2921, 2136], [3515, 1533, 3710, 1727], [1928, 450, 2128, 644], [1155, 864, 1349, 1059], [2692, 56, 2891, 260], [885, 2291, 1080, 2486], [1150, 2785, 1349, 2980], [2986, 545, 3191, 739], [616, 1762, 816, 1962], [1948, 2376, 2148, 2576]]",11,1
/media/scratch/astamoulakatos/NMIS/images/2021-11-19_7_bolts_0010.jpg,4032,3024,Bolt,"[[262, 979, 456, 1173], [247, 1702, 446, 1902], [2502, 280, 2702, 475], [3590, 999, 3785, 1198], [3610, 1702, 3810, 1897], [2512, 2436, 2707, 2640], [1389, 2441, 1589, 2635]]",7,2
/media/scratch/astamoulakatos/NMIS/images/2021-10-29_9_bolts_0006.jpg,4032,3024,Bolt,"[[456, 374, 651, 578], [2492, 384, 2687, 588], [3495, 404, 3695, 603], [3470, 1033, 3670, 1237], [3490, 1686, 3690, 1881], [2492, 2350, 2692, 2550], [1449, 2350, 1644, 2545], [431, 2355, 631, 2555], [456, 1013, 656, 1212]]",9,2
/media/scratch/astamoulakatos/NMIS/images/2021-11-19_5_bolts_0009.jpg,1512,2016,Bolt,"[[534, 1746, 634, 1843], [531, 106, 634, 206], [178, 662, 282, 765], [1236, 1214, 1333, 1314], [874, 1740, 974, 1836]]",5,2
/media/scratch/astamoulakatos/NMIS/images/2021-11-19_7_bolts_0015.jpg,1512,2016,Bolt,"[[561, 117, 657, 213], [924, 123, 1023, 223], [198, 692, 302, 799], [205, 1258, 305, 1361], [1273, 1251, 1373, 1347], [561, 1800, 664, 1896], [914, 1793, 1010, 1893]]",7,2
/media/scratch/astamoulakatos/NMIS/images/2021-11-19_3_bolts_0013.jpg,4032,3024,Bolt,"[[791, 599, 990, 794], [3340, 1797, 3540, 1997], [2003, 2486, 2203, 2685]]",3,1
/media/scratch/astamoulakatos/NMIS/images/2021-10-29_7_bolts_0006.jpg,4032,3024,Bolt,"[[406, 349, 611, 549], [2572, 349, 2772, 549], [416, 1053, 616, 1252], [3610, 1731, 3810, 1931], [411, 2430, 606, 2629], [1494, 2425, 1694, 2624], [2557, 2405, 2752, 2599]]",7,2
/media/scratch/astamoulakatos/NMIS/images/2021-11-19_10_bolts_0003.jpg,4032,3024,Bolt,"[[3585, 259, 3785, 454], [227, 229, 426, 429], [2482, 259, 2687, 454], [3565, 963, 3760, 1162], [3585, 2375, 3785, 2580], [2477, 2400, 2677, 2594], [1369, 2405, 1564, 2599], [242, 2420, 441, 2619], [252, 1671, 446, 1876], [252, 958, 446, 1157]]",10,1
/media/scratch/astamoulakatos/NMIS/images/2021-10-29_3_bolts_0006.jpg,4032,3024,Bolt,"[[287, 1023, 486, 1227], [1404, 2490, 1604, 2689], [3615, 1776, 3815, 1971]]",3,1
/media/scratch/astamoulakatos/NMIS/images/2021-11-19_8_bolts_0003.jpg,1512,2016,Bolt,"[[904, 1783, 1003, 1886], [188, 117, 292, 210], [561, 120, 657, 223], [924, 123, 1023, 223], [1283, 113, 1376, 216], [202, 1248, 295, 1347], [208, 1793, 302, 1890], [1260, 1783, 1353, 1880]]",8,1
/media/scratch/astamoulakatos/NMIS/images/2021-10-29_7_bolts_0005.jpg,4032,3024,Bolt,"[[406, 349, 606, 549], [2587, 384, 2782, 578], [401, 1043, 596, 1242], [3625, 1786, 3820, 1986], [376, 2475, 576, 2674], [1474, 2470, 1674, 2664], [2572, 2470, 2772, 2664]]",7,3
/media/scratch/astamoulakatos/NMIS/images/2021-10-29_3_bolts_0001.jpg,4032,3024,Bolt,"[[3480, 454, 3685, 653], [3490, 1791, 3690, 1986], [316, 1082, 521, 1282]]",3,2
/media/scratch/astamoulakatos/NMIS/images/2021-10-29_1_bolts_0043.jpg,4032,3024,Bolt,"[[3465, 2425, 3665, 2619]]",1,2
/media/scratch/astamoulakatos/NMIS/images/2021-10-29_1_bolts_0048.jpg,4032,3024,Bolt,"[[3540, 1018, 3735, 1212]]",1,2
/media/scratch/astamoulakatos/NMIS/images/2021-10-29_9_bolts_0004.jpg,4032,3024,Bolt,"[[351, 289, 551, 489], [2507, 319, 2707, 519], [3595, 309, 3790, 509], [3570, 993, 3765, 1187], [3590, 1691, 3790, 1886], [2522, 2390, 2722, 2584], [1439, 2400, 1639, 2594], [331, 2400, 526, 2599], [361, 973, 561, 1172]]",9,2
/media/scratch/astamoulakatos/NMIS/images/2021-10-29_1_bolts_0046.jpg,4032,3024,Bolt,"[[3575, 1043, 3770, 1247]]",1,2
/media/scratch/astamoulakatos/NMIS/images/2021-10-29_1_bolts_0002.jpg,4032,3024,Bolt,"[[292, 334, 496, 534]]",1,2
/media/scratch/astamoulakatos/NMIS/images/2021-10-29_2_bolts_0015.jpg,4032,3024,Bolt,"[[3440, 484, 3640, 688], [3470, 1726, 3670, 1921]]",2,1
/media/scratch/astamoulakatos/NMIS/images/2021-10-29_11_bolts_0002.jpg,4032,3024,Bolt,"[[371, 334, 576, 529], [381, 1018, 581, 1212], [376, 1721, 571, 1921], [371, 2425, 566, 2624], [2532, 309, 2732, 509], [3585, 319, 3790, 514], [3585, 1003, 3780, 1202], [3590, 1691, 3790, 1891], [1454, 2410, 1654, 2609], [2522, 2390, 2722, 2589], [3610, 2385, 3805, 2584]]",11,2
/media/scratch/astamoulakatos/NMIS/images/2021-11-19_10_bolts_0001.jpg,4032,3024,Bolt,"[[2477, 339, 2677, 534], [1374, 2490, 1574, 2689], [237, 2505, 431, 2709], [247, 1771, 441, 1966], [252, 1043, 446, 1242], [2492, 2480, 2692, 2679], [3585, 2450, 3790, 2649], [3575, 1731, 3770, 1931], [3570, 1048, 3770, 1242], [3560, 349, 3755, 549]]",10,2
/media/scratch/astamoulakatos/NMIS/images/2021-10-29_1_bolts_0034.jpg,4032,3024,Bolt,"[[3555, 2415, 3760, 2614]]",1,2
/media/scratch/astamoulakatos/NMIS/images/2021-11-19_6_bolts_0005.jpg,4032,3024,Bolt,"[[361, 1153, 556, 1348], [2123, 415, 2323, 614], [3001, 56, 3201, 255], [2812, 2081, 3006, 2286], [616, 1702, 816, 1902], [3226, 624, 3425, 824]]",6,2
/media/scratch/astamoulakatos/NMIS/images/2021-11-19_5_bolts_0006.jpg,4032,3024,Bolt,"[[1324, 2490, 1529, 2695], [212, 1772, 406, 1971], [2432, 369, 2627, 574], [3480, 1078, 3680, 1278], [3500, 1767, 3700, 1966]]",5,2
/media/scratch/astamoulakatos/NMIS/images/2021-10-29_7_bolts_0004.jpg,4032,3024,Bolt,"[[1434, 284, 1629, 484], [3570, 309, 3770, 504], [336, 968, 531, 1162], [3560, 1681, 3760, 1876], [292, 2360, 486, 2555], [1404, 2370, 1604, 2565], [2492, 2385, 2692, 2584]]",7,3
/media/scratch/astamoulakatos/NMIS/images/2021-11-19_10_bolts_0006.jpg,1512,2016,Bolt,"[[534, 116, 628, 216], [158, 113, 262, 213], [1240, 1793, 1339, 1889], [887, 1776, 984, 1876], [541, 1793, 638, 1893], [185, 1796, 285, 1889], [182, 1247, 285, 1350], [1246, 1241, 1339, 1344], [162, 692, 265, 795], [897, 123, 993, 216]]",10,2
/media/scratch/astamoulakatos/NMIS/images/2021-10-29_1_bolts_0001.jpg,4032,3024,Bolt,"[[316, 319, 511, 519]]",1,2
/media/scratch/astamoulakatos/NMIS/images/2021-10-29_1_bolts_0017.jpg,4032,3024,Bolt,"[[1409, 449, 1609, 638]]",1,2
/media/scratch/astamoulakatos/NMIS/images/2021-10-29_1_bolts_0028.jpg,4032,3024,Bolt,"[[307, 2460, 511, 2654]]",1,2
/media/scratch/astamoulakatos/NMIS/images/2021-11-19_11_bolts_0009.jpg,4032,3024,Bolt,"[[3540, 319, 3740, 519], [2467, 300, 2667, 499], [1374, 275, 1564, 474], [267, 983, 466, 1188], [257, 1692, 456, 1891], [247, 2420, 446, 2625], [1364, 2405, 1559, 2605], [2472, 2395, 2672, 2595], [3565, 2380, 3765, 2580], [262, 270, 456, 469], [3525, 988, 3720, 1188]]",11,2
/media/scratch/astamoulakatos/NMIS/images/2021-10-29_2_bolts_0002.jpg,4032,3024,Bolt,"[[376, 389, 576, 588], [1444, 404, 1644, 598]]",2,2
/media/scratch/astamoulakatos/NMIS/images/2021-11-19_11_bolts_0011.jpg,1512,2016,Bolt,"[[1226, 1773, 1326, 1869], [887, 1763, 987, 1863], [554, 1766, 654, 1863], [232, 1766, 328, 1863], [235, 1257, 338, 1354], [222, 738, 315, 838], [894, 196, 993, 296], [558, 196, 654, 289], [222, 196, 325, 296], [1236, 728, 1333, 828], [1226, 1254, 1323, 1357]]",11,2
/media/scratch/astamoulakatos/NMIS/images/2021-11-19_11_bolts_0012.jpg,1512,2016,Bolt,"[[894, 1783, 990, 1886], [188, 130, 285, 229], [551, 136, 648, 233], [914, 140, 1010, 239], [1256, 702, 1353, 805], [1250, 1251, 1346, 1350], [1243, 1783, 1339, 1883], [551, 1786, 654, 1883], [202, 1790, 302, 1889], [195, 1247, 298, 1354], [188, 692, 288, 792]]",11,2
/media/scratch/astamoulakatos/NMIS/images/2021-10-29_1_bolts_0007.jpg,4032,3024,Bolt,"[[356, 419, 551, 613]]",1,2
/media/scratch/astamoulakatos/NMIS/images/2021-10-29_2_bolts_0007.jpg,4032,3024,Bolt,"[[411, 449, 611, 653], [1469, 459, 1669, 658]]",2,2
/media/scratch/astamoulakatos/NMIS/images/2021-10-29_1_bolts_0036.jpg,4032,3024,Bolt,"[[3520, 2435, 3720, 2629]]",1,3
/media/scratch/astamoulakatos/NMIS/images/2021-11-19_6_bolts_0003.jpg,1512,2016,Bolt,"[[930, 133, 1030, 233], [205, 133, 308, 233], [1296, 126, 1396, 233], [222, 1251, 325, 1357], [924, 1790, 1023, 1893], [1276, 1806, 1376, 1909]]",6,3
/media/scratch/astamoulakatos/NMIS/images/2021-10-29_7_bolts_0001.jpg,4032,3024,Bolt,"[[1429, 274, 1629, 469], [3570, 284, 3765, 484], [341, 963, 541, 1162], [3565, 1666, 3765, 1861], [326, 2390, 526, 2584], [1429, 2370, 1629, 2560], [2517, 2370, 2712, 2570]]",7,3
/media/scratch/astamoulakatos/NMIS/images/2021-11-19_11_bolts_0014.jpg,4032,3024,Bolt,"[[2492, 2820, 2687, 3015], [1819, 2341, 2018, 2541], [3116, 1976, 3316, 2170], [2767, 1048, 2966, 1247], [1100, 525, 1295, 719], [791, 964, 990, 1158], [1399, 74, 1604, 269], [2088, 564, 2288, 763], [1150, 1872, 1349, 2072], [3445, 1527, 3635, 1726], [481, 1398, 681, 1592]]",11,3
/media/scratch/astamoulakatos/NMIS/images/2021-10-29_3_bolts_0002.jpg,4032,3024,Bolt,"[[3540, 469, 3740, 668], [406, 1072, 606, 1267], [3520, 1801, 3720, 2001]]",3,2
/media/scratch/astamoulakatos/NMIS/images/2021-10-29_1_bolts_0013.jpg,4032,3024,Bolt,"[[1434, 434, 1629, 633]]",1,3
/media/scratch/astamoulakatos/NMIS/images/2021-10-29_1_bolts_0050.jpg,4032,3024,Bolt,"[[3510, 1028, 3715, 1227]]",1,3
/media/scratch/astamoulakatos/NMIS/images/2021-10-29_1_bolts_0027.jpg,4032,3024,Bolt,"[[292, 2510, 491, 2704]]",1,3
/media/scratch/astamoulakatos/NMIS/images/2021-11-19_7_bolts_0013.jpg,1512,2016,Bolt,"[[205, 1780, 302, 1880], [195, 120, 292, 223], [914, 123, 1013, 226], [1243, 1790, 1343, 1886], [1270, 117, 1376, 223], [188, 1228, 292, 1327], [897, 1783, 1000, 1880]]",7,3
/media/scratch/astamoulakatos/NMIS/images/2021-11-19_7_bolts_0014.jpg,1512,2016,Bolt,"[[195, 685, 295, 789], [561, 113, 664, 213], [927, 127, 1020, 220], [198, 1258, 295, 1357], [564, 1793, 657, 1896], [910, 1797, 1013, 1893], [1270, 1241, 1366, 1344]]",7,4
/media/scratch/astamoulakatos/NMIS/images/2021-10-29_1_bolts_0041.jpg,4032,3024,Bolt,"[[3445, 2390, 3650, 2594]]",1,3
/media/scratch/astamoulakatos/NMIS/images/2021-11-19_9_bolts_0015.jpg,4032,3024,Bolt,"[[965, 2366, 1160, 2571], [2861, 545, 3056, 744], [1115, 964, 1315, 1158], [2582, 80, 2777, 280], [1853, 525, 2048, 719], [2712, 1932, 2906, 2126], [666, 1887, 855, 2086], [1983, 2391, 2183, 2590], [376, 1423, 576, 1617]]",9,3
/media/scratch/astamoulakatos/NMIS/images/2021-10-29_2_bolts_0012.jpg,4032,3024,Bolt,"[[3545, 399, 3745, 598], [3560, 1711, 3760, 1906]]",2,2
/media/scratch/astamoulakatos/NMIS/images/2021-11-19_10_bolts_0005.jpg,1512,2016,Bolt,"[[188, 1793, 285, 1886], [168, 110, 272, 206], [541, 116, 648, 216], [1243, 1783, 1339, 1883], [887, 1780, 987, 1873], [890, 126, 990, 223], [534, 1786, 634, 1883], [168, 685, 268, 788], [175, 1231, 275, 1334], [1233, 1234, 1333, 1330]]",10,3
/media/scratch/astamoulakatos/NMIS/images/2021-11-19_8_bolts_0005.jpg,4032,3024,Bolt,"[[2113, 569, 2308, 769], [1754, 2331, 1948, 2531], [1130, 470, 1324, 669], [3066, 2022, 3261, 2216], [3400, 1602, 3600, 1797], [1464, 36, 1659, 230], [791, 894, 985, 1093], [2757, 1088, 2951, 1283]]",8,2
/media/scratch/astamoulakatos/NMIS/images/2021-10-29_1_bolts_0053.jpg,4032,3024,Bolt,"[[3505, 1043, 3705, 1237]]",1,3
/media/scratch/astamoulakatos/NMIS/images/2021-10-29_1_bolts_0005.jpg,4032,3024,Bolt,"[[451, 384, 651, 588]]",1,3
/media/scratch/astamoulakatos/NMIS/images/2021-10-29_11_bolts_0005.jpg,4032,3024,Bolt,"[[1434, 344, 1629, 544], [2492, 344, 2697, 549], [3570, 374, 3775, 578], [381, 1023, 576, 1217], [376, 1716, 571, 1916], [361, 2385, 561, 2580], [1434, 2370, 1634, 2570], [2482, 2385, 2687, 2584], [3535, 1033, 3730, 1227], [3540, 1706, 3735, 1906], [3540, 2385, 3735, 2580]]",11,3
/media/scratch/astamoulakatos/NMIS/images/2021-11-19_1_bolts_0059.jpg,4032,3024,Bolt,"[[516, 704, 716, 899]]",1,3
/media/scratch/astamoulakatos/NMIS/images/2021-10-29_2_bolts_0013.jpg,4032,3024,Bolt,"[[3530, 394, 3730, 598], [3545, 1701, 3745, 1896]]",2,2
/media/scratch/astamoulakatos/NMIS/images/2021-11-19_10_bolts_0008.jpg,4032,3024,Bolt,"[[431, 1482, 631, 1681], [1789, 2460, 1988, 2659], [2208, 334, 2407, 534], [811, 2744, 1005, 2939], [2727, 2170, 2931, 2365], [1255, 588, 1454, 783], [3171, 94, 3370, 294], [272, 858, 471, 1063], [621, 2110, 816, 2315], [3331, 708, 3525, 903]]",10,3
/media/scratch/astamoulakatos/NMIS/images/2021-11-19_11_bolts_0013.jpg,4032,3024,Bolt,"[[2487, 339, 2687, 534], [252, 2475, 456, 2675], [1404, 2445, 1604, 2640], [2502, 2450, 2707, 2650], [3570, 2425, 3770, 2625], [3570, 1747, 3770, 1941], [3555, 1043, 3765, 1233], [3575, 349, 3770, 544], [1414, 310, 1624, 514], [282, 1013, 486, 1213], [267, 1717, 466, 1916]]",11,3
/media/scratch/astamoulakatos/NMIS/images/2021-10-29_1_bolts_0008.jpg,4032,3024,Bolt,"[[366, 404, 566, 608]]",1,3
/media/scratch/astamoulakatos/NMIS/images/2021-10-29_3_bolts_0005.jpg,4032,3024,Bolt,"[[272, 1018, 466, 1212], [1399, 2495, 1599, 2694], [3635, 1796, 3830, 1991]]",3,2
/media/scratch/astamoulakatos/NMIS/images/2021-11-19_7_bolts_0017.jpg,4032,3024,Bolt,"[[297, 1393, 491, 1587], [431, 2072, 631, 2271], [152, 719, 351, 914], [2253, 320, 2452, 515], [3375, 759, 3575, 959], [2682, 2281, 2881, 2481], [3251, 135, 3455, 335]]",7,4
/media/scratch/astamoulakatos/NMIS/images/2021-10-29_1_bolts_0035.jpg,4032,3024,Bolt,"[[3530, 2415, 3735, 2609]]",1,3
/media/scratch/astamoulakatos/NMIS/images/2021-10-29_1_bolts_0014.jpg,4032,3024,Bolt,"[[1484, 529, 1684, 723]]",1,3
/media/scratch/astamoulakatos/NMIS/images/2021-11-19_8_bolts_0004.jpg,1512,2016,Bolt,"[[175, 77, 275, 173], [541, 1807, 644, 1906], [910, 1807, 1017, 1913], [1280, 1244, 1379, 1347], [175, 1234, 278, 1341], [178, 665, 285, 772], [544, 87, 641, 186], [914, 93, 1020, 186]]",8,3
/media/scratch/astamoulakatos/NMIS/images/2021-10-29_11_bolts_0001.jpg,4032,3024,Bolt,"[[366, 324, 566, 524], [2527, 324, 2727, 524], [3610, 334, 3805, 534], [3605, 1028, 3810, 1227], [366, 1028, 571, 1227], [366, 1736, 571, 1931], [371, 2425, 566, 2619], [1464, 2430, 1659, 2629], [2547, 2410, 2747, 2604], [3635, 2405, 3835, 2599], [3610, 1706, 3815, 1911]]",11,3
/media/scratch/astamoulakatos/NMIS/images/2021-10-29_2_bolts_0005.jpg,4032,3024,Bolt,"[[506, 454, 701, 648], [1514, 459, 1709, 653]]",2,3
/media/scratch/astamoulakatos/NMIS/images/2021-10-29_1_bolts_0031.jpg,4032,3024,Bolt,"[[431, 2365, 631, 2560]]",1,3
/media/scratch/astamoulakatos/NMIS/images/2021-10-29_2_bolts_0003.jpg,4032,3024,Bolt,"[[391, 404, 591, 598], [1454, 414, 1654, 608]]",2,3
/media/scratch/astamoulakatos/NMIS/images/2021-10-29_2_bolts_0014.jpg,4032,3024,Bolt,"[[3540, 414, 3745, 608], [3560, 1711, 3755, 1906]]",2,3
/media/scratch/astamoulakatos/NMIS/images/2021-11-19_10_bolts_0004.jpg,1512,2016,Bolt,"[[1286, 1244, 1383, 1344], [218, 123, 315, 223], [571, 126, 674, 226], [940, 130, 1037, 226], [1296, 116, 1393, 216], [212, 685, 312, 788], [215, 1251, 318, 1357], [215, 1803, 315, 1903], [920, 1796, 1020, 1899], [1290, 1800, 1389, 1896]]",10,4
/media/scratch/astamoulakatos/NMIS/images/2021-10-29_1_bolts_0045.jpg,4032,3024,Bolt,"[[3600, 988, 3800, 1182]]",1,4
/media/scratch/astamoulakatos/NMIS/images/2021-10-29_1_bolts_0011.jpg,4032,3024,Bolt,"[[376, 339, 576, 544]]",1,4
/media/scratch/astamoulakatos/NMIS/images/2021-10-29_9_bolts_0008.jpg,4032,3024,Bolt,"[[287, 209, 486, 409], [2577, 269, 2782, 469], [3685, 274, 3879, 469], [3670, 998, 3864, 1192], [3670, 1706, 3864, 1901], [2577, 2440, 2772, 2634], [1449, 2435, 1654, 2634], [257, 2440, 456, 2634], [312, 953, 516, 1147]]",9,3
/media/scratch/astamoulakatos/NMIS/images/2021-11-19_1_bolts_0056.jpg,4032,3024,Bolt,"[[257, 265, 456, 474]]",1,4
/media/scratch/astamoulakatos/NMIS/images/2021-10-29_1_bolts_0049.jpg,4032,3024,Bolt,"[[3540, 1028, 3740, 1227]]",1,4
/media/scratch/astamoulakatos/NMIS/images/2021-11-19_9_bolts_0012.jpg,1512,2016,Bolt,"[[904, 1763, 1007, 1862], [195, 126, 298, 222], [551, 126, 654, 222], [914, 126, 1013, 219], [1270, 113, 1369, 216], [208, 685, 312, 788], [218, 1234, 321, 1333], [225, 1773, 318, 1866], [1253, 1766, 1349, 1862]]",9,3
/media/scratch/astamoulakatos/NMIS/images/2021-11-19_8_bolts_0006.jpg,4032,3024,Bolt,"[[1794, 410, 1993, 609], [2083, 2516, 2283, 2715], [3420, 1677, 3620, 1877], [2717, 744, 2916, 939], [656, 709, 855, 904], [855, 80, 1055, 280], [3615, 1088, 3815, 1283], [451, 1298, 651, 1493]]",8,3
/media/scratch/astamoulakatos/NMIS/images/2021-10-29_1_bolts_0016.jpg,4032,3024,Bolt,"[[1414, 429, 1614, 628]]",1,4
/media/scratch/astamoulakatos/NMIS/images/2021-10-29_5_bolts_0001.jpg,4032,3024,Bolt,"[[1529, 364, 1734, 559], [391, 1063, 591, 1262], [1524, 2510, 1719, 2704], [2632, 2515, 2827, 2714], [3715, 1801, 3914, 2001]]",5,3
/media/scratch/astamoulakatos/NMIS/images/2021-11-19_11_bolts_0017.jpg,4032,3024,Bolt,"[[3071, 2750, 3266, 2945], [312, 1917, 511, 2116], [1240, 2191, 1439, 2386], [3660, 979, 3854, 1178], [3465, 1573, 3665, 1772], [1804, 390, 2003, 589], [2732, 679, 2931, 884], [686, 714, 885, 909], [2148, 2476, 2347, 2675], [860, 100, 1055, 300], [496, 1318, 696, 1513]]",11,4
/media/scratch/astamoulakatos/NMIS/images/2021-10-29_2_bolts_0004.jpg,4032,3024,Bolt,"[[491, 444, 696, 643], [1509, 449, 1704, 643]]",2,3
/media/scratch/astamoulakatos/NMIS/images/2021-11-19_4_bolts_0002.jpg,4032,3024,Bolt,"[[282, 2410, 486, 2610], [297, 245, 496, 434], [3585, 305, 3780, 499], [2517, 2390, 2722, 2585]]",4,3
/media/scratch/astamoulakatos/NMIS/images/2021-11-19_6_bolts_0004.jpg,1512,2016,Bolt,"[[561, 100, 657, 199], [920, 103, 1020, 206], [205, 665, 305, 765], [1250, 1207, 1343, 1307], [561, 1740, 654, 1836], [900, 1737, 1003, 1836]]",6,4
/media/scratch/astamoulakatos/NMIS/images/2021-10-29_1_bolts_0010.jpg,4032,3024,Bolt,"[[351, 319, 546, 519]]",1,4
/media/scratch/astamoulakatos/NMIS/images/2021-10-29_1_bolts_0052.jpg,4032,3024,Bolt,"[[3505, 1028, 3705, 1222]]",1,4
/media/scratch/astamoulakatos/NMIS/images/2021-11-19_5_bolts_0011.jpg,4032,3024,Bolt,"[[2243, 2521, 2442, 2715], [2687, 540, 2891, 744], [431, 759, 631, 954], [3540, 1438, 3735, 1637], [3700, 774, 3899, 979]]",5,3
/media/scratch/astamoulakatos/NMIS/images/2021-11-19_4_bolts_0003.jpg,1512,2016,Bolt,"[[1296, 153, 1393, 259], [1266, 1793, 1363, 1889], [212, 1251, 321, 1357], [215, 140, 315, 246]]",4,4
/media/scratch/astamoulakatos/NMIS/images/2021-10-29_7_bolts_0002.jpg,4032,3024,Bolt,"[[1464, 404, 1664, 598], [3570, 424, 3775, 628], [376, 1077, 571, 1277], [3545, 1771, 3750, 1971], [346, 2465, 541, 2664], [1459, 2470, 1654, 2664], [2517, 2460, 2717, 2654]]",7,4
/media/scratch/astamoulakatos/NMIS/images/2021-10-29_7_bolts_0008.jpg,4032,3024,Bolt,"[[287, 284, 486, 484], [2492, 294, 2697, 494], [3575, 1706, 3770, 1911], [297, 988, 496, 1187], [297, 2410, 496, 2614], [1394, 2420, 1589, 2619], [2482, 2410, 2682, 2609]]",7,4
/media/scratch/astamoulakatos/NMIS/images/2021-10-29_1_bolts_0022.jpg,4032,3024,Bolt,"[[3535, 369, 3730, 568]]",1,4
/media/scratch/astamoulakatos/NMIS/images/2021-10-29_3_bolts_0007.jpg,4032,3024,Bolt,"[[391, 1043, 591, 1237], [1449, 2430, 1644, 2624], [3545, 1751, 3740, 1946]]",3,3
/media/scratch/astamoulakatos/NMIS/images/2021-10-29_5_bolts_0005.jpg,4032,3024,Bolt,"[[1414, 404, 1609, 603], [336, 1092, 536, 1292], [1424, 2490, 1619, 2684], [2497, 2475, 2692, 2674], [3540, 1766, 3735, 1971]]",5,4
/media/scratch/astamoulakatos/NMIS/images/2021-10-29_1_bolts_0042.jpg,4032,3024,Bolt,"[[3480, 2385, 3680, 2580]]",1,4
/media/scratch/astamoulakatos/NMIS/images/2021-11-19_8_bolts_0002.jpg,4032,3024,Bolt,"[[2492, 2436, 2692, 2635], [237, 260, 431, 470], [247, 999, 446, 1193], [247, 1702, 446, 1907], [232, 2461, 431, 2665], [3575, 315, 3775, 515], [3555, 1014, 3760, 1213], [3575, 2421, 3770, 2620]]",8,4
/media/scratch/astamoulakatos/NMIS/images/2021-11-19_3_bolts_0011.jpg,1512,2016,Bolt,"[[248, 1227, 348, 1327], [1263, 153, 1363, 256], [1253, 1736, 1349, 1829]]",3,3
/media/scratch/astamoulakatos/NMIS/images/2021-10-29_11_bolts_0006.jpg,4032,3024,Bolt,"[[1449, 364, 1644, 559], [2492, 374, 2687, 573], [3530, 379, 3735, 573], [376, 1043, 576, 1237], [381, 1721, 576, 1916], [386, 2415, 581, 2619], [1444, 2390, 1644, 2589], [2482, 2390, 2682, 2584], [3505, 1048, 3705, 1242], [3520, 1706, 3715, 1911], [3520, 2360, 3720, 2560]]",11,4
/media/scratch/astamoulakatos/NMIS/images/2021-10-29_1_bolts_0029.jpg,4032,3024,Bolt,"[[331, 2490, 526, 2689]]",1,4
/media/scratch/astamoulakatos/NMIS/images/2021-10-29_2_bolts_0006.jpg,4032,3024,Bolt,"[[486, 529, 686, 728], [1509, 544, 1704, 748]]",2,4
/media/scratch/astamoulakatos/NMIS/images/2021-11-19_1_bolts_0058.jpg,1512,2016,Bolt,"[[1270, 126, 1373, 226]]",1,4
/media/scratch/astamoulakatos/NMIS/images/2021-11-19_9_bolts_0016.jpg,4032,3024,Bolt,"[[3211, 135, 3405, 335], [3350, 769, 3550, 964], [2692, 2246, 2891, 2446], [566, 2101, 766, 2296], [232, 814, 436, 1014], [1255, 589, 1454, 784], [1724, 2496, 1918, 2690], [396, 1463, 591, 1662], [2248, 355, 2452, 560]]",9,4
/media/scratch/astamoulakatos/NMIS/images/2021-10-29_5_bolts_0004.jpg,4032,3024,Bolt,"[[1484, 444, 1684, 638], [376, 1132, 581, 1327], [1474, 2545, 1669, 2739], [2587, 2530, 2787, 2724], [3630, 1816, 3830, 2016]]",5,4
/media/scratch/astamoulakatos/NMIS/images/2021-10-29_2_bolts_0010.jpg,4032,3024,Bolt,"[[252, 2370, 446, 2570], [3410, 344, 3615, 544]]",2,4
/media/scratch/astamoulakatos/NMIS/images/2021-10-29_1_bolts_0054.jpg,4032,3024,Bolt,"[[3460, 1092, 3665, 1297]]",1,4
/media/scratch/astamoulakatos/NMIS/images/2021-10-29_2_bolts_0009.jpg,4032,3024,Bolt,"[[267, 2400, 461, 2599], [3410, 364, 3610, 564]]",2,4
/media/scratch/astamoulakatos/NMIS/images/2021-10-29_3_bolts_0003.jpg,4032,3024,Bolt,"[[396, 1068, 591, 1267], [3545, 469, 3745, 668], [3525, 1801, 3720, 2001]]",3,4
/media/scratch/astamoulakatos/NMIS/images/2021-10-29_9_bolts_0003.jpg,4032,3024,Bolt,"[[336, 254, 531, 454], [2537, 269, 2732, 469], [3595, 264, 3800, 464], [3595, 983, 3790, 1177], [3590, 1661, 3785, 1861], [2522, 2360, 2722, 2560], [1429, 2350, 1629, 2545], [326, 2375, 526, 2575], [341, 938, 536, 1137]]",9,4
/media/scratch/astamoulakatos/NMIS/images/2021-11-19_11_bolts_0010.jpg,1512,2016,Bolt,"[[215, 692, 315, 792], [920, 136, 1020, 233], [561, 126, 657, 226], [205, 126, 308, 226], [1276, 692, 1376, 792], [1263, 1234, 1366, 1334], [1270, 1773, 1369, 1873], [924, 1770, 1027, 1863], [225, 1783, 325, 1883], [225, 1237, 325, 1337], [1276, 126, 1376, 229]]",11,4
/media/scratch/astamoulakatos/NMIS/images/2021-10-29_2_bolts_0011.jpg,4032,3024,Bolt,"[[376, 2375, 571, 2570], [3410, 414, 3610, 613]]",2,4
/media/scratch/astamoulakatos/NMIS/images/2021-10-29_9_bolts_0007.jpg,4032,3024,Bolt,"[[461, 354, 656, 554], [2492, 389, 2692, 588], [3475, 399, 3680, 598], [3465, 1043, 3665, 1242], [3480, 1696, 3680, 1891], [2482, 2340, 2682, 2540], [1459, 2320, 1654, 2520], [431, 2350, 631, 2545], [441, 1003, 646, 1202]]",9,4
/media/scratch/astamoulakatos/NMIS/images/2021-11-19_11_bolts_0015.jpg,4032,3024,Bolt,"[[2198, 574, 2397, 774], [1195, 520, 1394, 714], [596, 1383, 796, 1582], [3201, 1977, 3400, 2171], [2562, 2810, 2762, 3005], [1514, 100, 1709, 300], [1250, 1862, 1444, 2067], [885, 959, 1085, 1153], [3545, 1538, 3740, 1742], [2846, 1044, 3046, 1243], [1893, 2341, 2093, 2541]]",11,4
/media/scratch/astamoulakatos/NMIS/images/2021-11-19_3_bolts_0012.jpg,1512,2016,Bolt,"[[1290, 1251, 1393, 1357], [578, 143, 677, 243], [571, 1793, 667, 1889]]",3,4
/media/scratch/astamoulakatos/NMIS/images/2021-11-19_10_bolts_0009.jpg,4032,3024,Bolt,"[[1250, 30, 1444, 234], [940, 509, 1135, 708], [1769, 2365, 1973, 2560], [1055, 1901, 1250, 2105], [336, 1442, 536, 1636], [1978, 509, 2173, 708], [3091, 1931, 3291, 2125], [631, 973, 830, 1172], [3420, 1462, 3620, 1661], [2692, 978, 2891, 1172]]",10,4
